{
  "name" : "EMR-DiagnosticInfo-4",
  "path" : "/api/emr/diagnostic",
  "state" : "published",
  "version" : "3.7",
  "organization" : "Plexus Health",
  "apiDefinition" : "EMR-DiagnosticInfo.json",
  "summary" : "Processes submitted patient diagnostics data",
  "backendBasepath" : "${BACKEND_HOST}/api/api/emr/diagnostic/",
  "image" : "api-image.jpg",
  "tags" : {
    "Industry" : [ "Healthcare" ],
    "Type" : [ "Demo_Amplify_PlexusHealth" ],
    "Category" : [ "Diagnostic" ]
  },
  "clientOrganizations" : [ "Plexus Health" ],
  "applications" : [ {
    "name" : "Plexus Suite - Appointment Management",
    "enabled" : true,
    "state" : "approved"
  }, {
    "name" : "Plexus Health Center",
    "enabled" : true,
    "state" : "approved"
  }, {
    "name" : "Plexus Suite - Surgery Center",
    "enabled" : true,
    "state" : "approved"
  }, {
    "name" : "Plexus Suite - Patient Monitoring",
    "enabled" : true,
    "state" : "approved"
  } ]
}